tile_m,tile_n,tile_k,tile_a_bytes,tile_b_bytes,tile_c_bytes,total_tile_bytes,tile_bytes_over_l1,tile_bytes_over_l2,arithmetic_intensity,tile_m_vector_aligned,tile_n_vector_aligned,objective,valid,candidate
128.0,2.0,128.0,65536.0,1024.0,1024.0,67584.0,2.0625,0.2578125,0.9696969696969697,1.0,0.0,0.9021415859460831,True,"{'tile_m': '128', 'tile_n': '2', 'tile_k': '128'}"
1.0,1.0,16.0,64.0,64.0,4.0,132.0,0.0040283203125,0.0005035400390625,0.24242424242424243,0.0,0.0,0.8840265832841396,True,"{'tile_m': '1', 'tile_n': '1', 'tile_k': '16'}"
128.0,64.0,2.0,1024.0,512.0,32768.0,34304.0,1.046875,0.130859375,0.9552238805970149,1.0,1.0,,False,"{'tile_m': '128', 'tile_n': '64', 'tile_k': '2'}"
128.0,16.0,64.0,32768.0,4096.0,8192.0,45056.0,1.375,0.171875,5.818181818181818,1.0,1.0,,False,"{'tile_m': '128', 'tile_n': '16', 'tile_k': '64'}"
128.0,128.0,2.0,1024.0,1024.0,65536.0,67584.0,2.0625,0.2578125,0.9696969696969697,1.0,1.0,,False,"{'tile_m': '128', 'tile_n': '128', 'tile_k': '2'}"
16.0,1.0,8.0,512.0,32.0,64.0,608.0,0.0185546875,0.0023193359375,0.42105263157894735,1.0,0.0,0.7925890795886517,True,"{'tile_m': '16', 'tile_n': '1', 'tile_k': '8'}"
4.0,128.0,16.0,256.0,8192.0,2048.0,10496.0,0.3203125,0.0400390625,1.5609756097560976,0.0,1.0,0.8137149922549725,True,"{'tile_m': '4', 'tile_n': '128', 'tile_k': '16'}"
8.0,1.0,64.0,2048.0,256.0,32.0,2336.0,0.0712890625,0.0089111328125,0.4383561643835616,1.0,0.0,0.8698686845600605,True,"{'tile_m': '8', 'tile_n': '1', 'tile_k': '64'}"
16.0,2.0,8.0,512.0,64.0,128.0,704.0,0.021484375,0.002685546875,0.7272727272727273,1.0,0.0,0.8942131660878658,True,"{'tile_m': '16', 'tile_n': '2', 'tile_k': '8'}"
128.0,2.0,8.0,4096.0,64.0,1024.0,5184.0,0.158203125,0.019775390625,0.7901234567901234,1.0,0.0,,False,"{'tile_m': '128', 'tile_n': '2', 'tile_k': '8'}"
32.0,8.0,2.0,256.0,64.0,1024.0,1344.0,0.041015625,0.005126953125,0.7619047619047619,1.0,1.0,0.8554223328828812,True,"{'tile_m': '32', 'tile_n': '8', 'tile_k': '2'}"
1.0,4.0,4.0,16.0,64.0,16.0,96.0,0.0029296875,0.0003662109375,0.3333333333333333,0.0,0.0,0.7568030580878258,True,"{'tile_m': '1', 'tile_n': '4', 'tile_k': '4'}"
2.0,16.0,4.0,32.0,256.0,128.0,416.0,0.0126953125,0.0015869140625,0.6153846153846154,0.0,1.0,0.853645097464323,True,"{'tile_m': '2', 'tile_n': '16', 'tile_k': '4'}"
64.0,64.0,128.0,32768.0,32768.0,16384.0,81920.0,2.5,0.3125,12.8,1.0,1.0,,False,"{'tile_m': '64', 'tile_n': '64', 'tile_k': '128'}"
1.0,4.0,2.0,8.0,32.0,16.0,56.0,0.001708984375,0.000213623046875,0.2857142857142857,0.0,0.0,0.8932995609939098,True,"{'tile_m': '1', 'tile_n': '4', 'tile_k': '2'}"
8.0,32.0,32.0,1024.0,4096.0,1024.0,6144.0,0.1875,0.0234375,2.6666666666666665,1.0,1.0,0.8276361003518105,True,"{'tile_m': '8', 'tile_n': '32', 'tile_k': '32'}"
1.0,4.0,128.0,512.0,2048.0,16.0,2576.0,0.07861328125,0.00982666015625,0.39751552795031053,0.0,0.0,0.7748144641518593,True,"{'tile_m': '1', 'tile_n': '4', 'tile_k': '128'}"
1.0,16.0,8.0,32.0,512.0,64.0,608.0,0.0185546875,0.0023193359375,0.42105263157894735,0.0,1.0,0.7570788078010082,True,"{'tile_m': '1', 'tile_n': '16', 'tile_k': '8'}"
128.0,4.0,1.0,512.0,16.0,2048.0,2576.0,0.07861328125,0.00982666015625,0.39751552795031053,1.0,0.0,,False,"{'tile_m': '128', 'tile_n': '4', 'tile_k': '1'}"
1.0,16.0,128.0,512.0,8192.0,64.0,8768.0,0.267578125,0.033447265625,0.46715328467153283,0.0,1.0,0.8466314263641834,True,"{'tile_m': '1', 'tile_n': '16', 'tile_k': '128'}"
1.0,16.0,4.0,16.0,256.0,64.0,336.0,0.01025390625,0.00128173828125,0.38095238095238093,0.0,1.0,0.7506965175271034,True,"{'tile_m': '1', 'tile_n': '16', 'tile_k': '4'}"
1.0,16.0,1.0,4.0,64.0,64.0,132.0,0.0040283203125,0.0005035400390625,0.24242424242424243,0.0,1.0,0.8268678076565266,True,"{'tile_m': '1', 'tile_n': '16', 'tile_k': '1'}"
2.0,8.0,1.0,8.0,32.0,64.0,104.0,0.003173828125,0.000396728515625,0.3076923076923077,0.0,1.0,0.8527562916278839,True,"{'tile_m': '2', 'tile_n': '8', 'tile_k': '1'}"
1.0,16.0,2.0,8.0,128.0,64.0,200.0,0.006103515625,0.000762939453125,0.32,0.0,1.0,0.8679126314818859,True,"{'tile_m': '1', 'tile_n': '16', 'tile_k': '2'}"
1.0,128.0,4.0,16.0,2048.0,512.0,2576.0,0.07861328125,0.00982666015625,0.39751552795031053,0.0,1.0,0.8035303726792336,True,"{'tile_m': '1', 'tile_n': '128', 'tile_k': '4'}"
1.0,32.0,4.0,16.0,512.0,128.0,656.0,0.02001953125,0.00250244140625,0.3902439024390244,0.0,1.0,0.8267956934869289,True,"{'tile_m': '1', 'tile_n': '32', 'tile_k': '4'}"
1.0,8.0,4.0,16.0,128.0,32.0,176.0,0.00537109375,0.00067138671875,0.36363636363636365,0.0,1.0,0.7486958280205727,True,"{'tile_m': '1', 'tile_n': '8', 'tile_k': '4'}"
1.0,64.0,4.0,16.0,1024.0,256.0,1296.0,0.03955078125,0.00494384765625,0.3950617283950617,0.0,1.0,0.8160216249525547,True,"{'tile_m': '1', 'tile_n': '64', 'tile_k': '4'}"
4.0,128.0,1.0,16.0,512.0,2048.0,2576.0,0.07861328125,0.00982666015625,0.39751552795031053,0.0,1.0,0.8069327995181084,True,"{'tile_m': '4', 'tile_n': '128', 'tile_k': '1'}"
1.0,32.0,8.0,32.0,1024.0,128.0,1184.0,0.0361328125,0.0045166015625,0.43243243243243246,0.0,1.0,0.7445581890642643,True,"{'tile_m': '1', 'tile_n': '32', 'tile_k': '8'}"
1.0,8.0,16.0,64.0,512.0,32.0,608.0,0.0185546875,0.0023193359375,0.42105263157894735,0.0,1.0,0.8136713020503521,True,"{'tile_m': '1', 'tile_n': '8', 'tile_k': '16'}"
4.0,64.0,1.0,16.0,256.0,1024.0,1296.0,0.03955078125,0.00494384765625,0.3950617283950617,0.0,1.0,0.7500123865902424,True,"{'tile_m': '4', 'tile_n': '64', 'tile_k': '1'}"
1.0,4.0,8.0,32.0,128.0,16.0,176.0,0.00537109375,0.00067138671875,0.36363636363636365,0.0,0.0,0.859994400292635,True,"{'tile_m': '1', 'tile_n': '4', 'tile_k': '8'}"
8.0,32.0,1.0,32.0,128.0,1024.0,1184.0,0.0361328125,0.0045166015625,0.43243243243243246,1.0,1.0,0.8227823376655579,True,"{'tile_m': '8', 'tile_n': '32', 'tile_k': '1'}"
1.0,8.0,8.0,32.0,256.0,32.0,320.0,0.009765625,0.001220703125,0.4,0.0,1.0,0.8251673504710197,True,"{'tile_m': '1', 'tile_n': '8', 'tile_k': '8'}"
4.0,4.0,1.0,16.0,16.0,64.0,96.0,0.0029296875,0.0003662109375,0.3333333333333333,0.0,0.0,0.7825882881879807,True,"{'tile_m': '4', 'tile_n': '4', 'tile_k': '1'}"
4.0,8.0,1.0,16.0,32.0,128.0,176.0,0.00537109375,0.00067138671875,0.36363636363636365,0.0,1.0,0.7466224282979965,True,"{'tile_m': '4', 'tile_n': '8', 'tile_k': '1'}"
4.0,16.0,1.0,16.0,64.0,256.0,336.0,0.01025390625,0.00128173828125,0.38095238095238093,0.0,1.0,0.8134343661367893,True,"{'tile_m': '4', 'tile_n': '16', 'tile_k': '1'}"
4.0,32.0,1.0,16.0,128.0,512.0,656.0,0.02001953125,0.00250244140625,0.3902439024390244,0.0,1.0,0.7402524352073669,True,"{'tile_m': '4', 'tile_n': '32', 'tile_k': '1'}"
8.0,16.0,1.0,32.0,64.0,512.0,608.0,0.0185546875,0.0023193359375,0.42105263157894735,1.0,1.0,0.7474082075059414,True,"{'tile_m': '8', 'tile_n': '16', 'tile_k': '1'}"
16.0,8.0,1.0,64.0,32.0,512.0,608.0,0.0185546875,0.0023193359375,0.42105263157894735,1.0,1.0,0.7880523502826691,True,"{'tile_m': '16', 'tile_n': '8', 'tile_k': '1'}"
32.0,4.0,1.0,128.0,16.0,512.0,656.0,0.02001953125,0.00250244140625,0.3902439024390244,1.0,0.0,0.8062456622719765,True,"{'tile_m': '32', 'tile_n': '4', 'tile_k': '1'}"
64.0,4.0,1.0,256.0,16.0,1024.0,1296.0,0.03955078125,0.00494384765625,0.3950617283950617,1.0,0.0,0.8263853415846825,True,"{'tile_m': '64', 'tile_n': '4', 'tile_k': '1'}"
1.0,8.0,32.0,128.0,1024.0,32.0,1184.0,0.0361328125,0.0045166015625,0.43243243243243246,0.0,1.0,0.8551592752337456,True,"{'tile_m': '1', 'tile_n': '8', 'tile_k': '32'}"
1.0,4.0,64.0,256.0,1024.0,16.0,1296.0,0.03955078125,0.00494384765625,0.3950617283950617,0.0,0.0,0.8350085914134979,True,"{'tile_m': '1', 'tile_n': '4', 'tile_k': '64'}"
2.0,4.0,2.0,16.0,32.0,32.0,80.0,0.00244140625,0.00030517578125,0.4,0.0,0.0,0.7615120932459831,True,"{'tile_m': '2', 'tile_n': '4', 'tile_k': '2'}"
2.0,8.0,2.0,16.0,64.0,64.0,144.0,0.00439453125,0.00054931640625,0.4444444444444444,0.0,1.0,0.742062833160162,True,"{'tile_m': '2', 'tile_n': '8', 'tile_k': '2'}"
4.0,1.0,64.0,1024.0,256.0,16.0,1296.0,0.03955078125,0.00494384765625,0.3950617283950617,0.0,0.0,0.778228223323822,True,"{'tile_m': '4', 'tile_n': '1', 'tile_k': '64'}"
1.0,128.0,8.0,32.0,4096.0,512.0,4640.0,0.1416015625,0.0177001953125,0.4413793103448276,0.0,1.0,0.7524726130068302,True,"{'tile_m': '1', 'tile_n': '128', 'tile_k': '8'}"
1.0,64.0,8.0,32.0,2048.0,256.0,2336.0,0.0712890625,0.0089111328125,0.4383561643835616,0.0,1.0,0.8184629678726196,True,"{'tile_m': '1', 'tile_n': '64', 'tile_k': '8'}"
2.0,2.0,2.0,16.0,16.0,16.0,48.0,0.00146484375,0.00018310546875,0.3333333333333333,0.0,0.0,0.8387818075716496,True,"{'tile_m': '2', 'tile_n': '2', 'tile_k': '2'}"
4.0,1.0,128.0,2048.0,512.0,16.0,2576.0,0.07861328125,0.00982666015625,0.39751552795031053,0.0,0.0,0.7828099206089973,True,"{'tile_m': '4', 'tile_n': '1', 'tile_k': '128'}"
2.0,2.0,4.0,32.0,32.0,16.0,80.0,0.00244140625,0.00030517578125,0.4,0.0,0.0,0.7885393314063549,True,"{'tile_m': '2', 'tile_n': '2', 'tile_k': '4'}"
1.0,32.0,16.0,64.0,2048.0,128.0,2240.0,0.068359375,0.008544921875,0.45714285714285713,0.0,1.0,0.7867771238088608,True,"{'tile_m': '1', 'tile_n': '32', 'tile_k': '16'}"
4.0,2.0,2.0,32.0,16.0,32.0,80.0,0.00244140625,0.00030517578125,0.4,0.0,0.0,0.7696923911571503,True,"{'tile_m': '4', 'tile_n': '2', 'tile_k': '2'}"
8.0,1.0,16.0,512.0,64.0,32.0,608.0,0.0185546875,0.0023193359375,0.42105263157894735,1.0,0.0,0.7979091554880142,True,"{'tile_m': '8', 'tile_n': '1', 'tile_k': '16'}"
1.0,16.0,16.0,64.0,1024.0,64.0,1152.0,0.03515625,0.00439453125,0.4444444444444444,0.0,1.0,0.7347647920250893,True,"{'tile_m': '1', 'tile_n': '16', 'tile_k': '16'}"
8.0,4.0,1.0,32.0,16.0,128.0,176.0,0.00537109375,0.00067138671875,0.36363636363636365,1.0,0.0,0.7672853879630566,True,"{'tile_m': '8', 'tile_n': '4', 'tile_k': '1'}"
8.0,2.0,2.0,64.0,16.0,64.0,144.0,0.00439453125,0.00054931640625,0.4444444444444444,1.0,0.0,0.8753480091691017,True,"{'tile_m': '8', 'tile_n': '2', 'tile_k': '2'}"
1.0,64.0,16.0,64.0,4096.0,256.0,4416.0,0.134765625,0.016845703125,0.463768115942029,0.0,1.0,0.7650823928415775,True,"{'tile_m': '1', 'tile_n': '64', 'tile_k': '16'}"
8.0,1.0,4.0,128.0,16.0,32.0,176.0,0.00537109375,0.00067138671875,0.36363636363636365,1.0,0.0,0.8546232432126999,True,"{'tile_m': '8', 'tile_n': '1', 'tile_k': '4'}"
8.0,128.0,1.0,32.0,512.0,4096.0,4640.0,0.1416015625,0.0177001953125,0.4413793103448276,1.0,1.0,0.764174547046423,True,"{'tile_m': '8', 'tile_n': '128', 'tile_k': '1'}"
4.0,32.0,16.0,256.0,2048.0,512.0,2816.0,0.0859375,0.0107421875,1.4545454545454546,0.0,1.0,0.8509934097528458,True,"{'tile_m': '4', 'tile_n': '32', 'tile_k': '16'}"
1.0,128.0,16.0,64.0,8192.0,512.0,8768.0,0.267578125,0.033447265625,0.46715328467153283,0.0,1.0,0.847199410200119,True,"{'tile_m': '1', 'tile_n': '128', 'tile_k': '16'}"
1.0,16.0,64.0,256.0,4096.0,64.0,4416.0,0.134765625,0.016845703125,0.463768115942029,0.0,1.0,0.747495461255312,True,"{'tile_m': '1', 'tile_n': '16', 'tile_k': '64'}"
16.0,16.0,1.0,64.0,64.0,1024.0,1152.0,0.03515625,0.00439453125,0.4444444444444444,1.0,1.0,0.8526263497769833,True,"{'tile_m': '16', 'tile_n': '16', 'tile_k': '1'}"
16.0,64.0,1.0,64.0,256.0,4096.0,4416.0,0.134765625,0.016845703125,0.463768115942029,1.0,1.0,0.7487780228257179,True,"{'tile_m': '16', 'tile_n': '64', 'tile_k': '1'}"
1.0,8.0,128.0,512.0,4096.0,32.0,4640.0,0.1416015625,0.0177001953125,0.4413793103448276,0.0,1.0,0.754856251180172,True,"{'tile_m': '1', 'tile_n': '8', 'tile_k': '128'}"
4.0,1.0,32.0,512.0,128.0,16.0,656.0,0.02001953125,0.00250244140625,0.3902439024390244,0.0,0.0,0.8220611214637756,True,"{'tile_m': '4', 'tile_n': '1', 'tile_k': '32'}"
8.0,8.0,1.0,32.0,32.0,256.0,320.0,0.009765625,0.001220703125,0.4,1.0,1.0,0.8768949098885059,True,"{'tile_m': '8', 'tile_n': '8', 'tile_k': '1'}"
64.0,16.0,1.0,256.0,64.0,4096.0,4416.0,0.134765625,0.016845703125,0.463768115942029,1.0,1.0,0.7755498550832272,True,"{'tile_m': '64', 'tile_n': '16', 'tile_k': '1'}"
128.0,8.0,1.0,512.0,32.0,4096.0,4640.0,0.1416015625,0.0177001953125,0.4413793103448276,1.0,1.0,0.8293698281049728,True,"{'tile_m': '128', 'tile_n': '8', 'tile_k': '1'}"
1.0,16.0,32.0,128.0,2048.0,64.0,2240.0,0.068359375,0.008544921875,0.45714285714285713,0.0,1.0,0.8301513306796551,True,"{'tile_m': '1', 'tile_n': '16', 'tile_k': '32'}"
8.0,64.0,1.0,32.0,256.0,2048.0,2336.0,0.0712890625,0.0089111328125,0.4383561643835616,1.0,1.0,0.7957377694547176,True,"{'tile_m': '8', 'tile_n': '64', 'tile_k': '1'}"
32.0,32.0,2.0,256.0,256.0,4096.0,4608.0,0.140625,0.017578125,0.8888888888888888,1.0,1.0,0.822383739054203,True,"{'tile_m': '32', 'tile_n': '32', 'tile_k': '2'}"
8.0,128.0,2.0,64.0,1024.0,4096.0,5184.0,0.158203125,0.019775390625,0.7901234567901234,1.0,1.0,0.7418001554906368,True,"{'tile_m': '8', 'tile_n': '128', 'tile_k': '2'}"
8.0,128.0,8.0,256.0,4096.0,4096.0,8448.0,0.2578125,0.0322265625,1.9393939393939394,1.0,1.0,0.8809298612177372,True,"{'tile_m': '8', 'tile_n': '128', 'tile_k': '8'}"
4.0,64.0,16.0,256.0,4096.0,1024.0,5376.0,0.1640625,0.0205078125,1.5238095238095237,0.0,1.0,0.8411190286278725,True,"{'tile_m': '4', 'tile_n': '64', 'tile_k': '16'}"
16.0,32.0,1.0,64.0,128.0,2048.0,2240.0,0.068359375,0.008544921875,0.45714285714285713,1.0,1.0,0.7468360960483551,True,"{'tile_m': '16', 'tile_n': '32', 'tile_k': '1'}"
16.0,64.0,4.0,256.0,1024.0,4096.0,5376.0,0.1640625,0.0205078125,1.5238095238095237,1.0,1.0,0.8056563138961792,True,"{'tile_m': '16', 'tile_n': '64', 'tile_k': '4'}"
4.0,128.0,2.0,32.0,1024.0,2048.0,3104.0,0.0947265625,0.0118408203125,0.6597938144329897,0.0,1.0,0.825206819921732,True,"{'tile_m': '4', 'tile_n': '128', 'tile_k': '2'}"
8.0,64.0,2.0,64.0,512.0,2048.0,2624.0,0.080078125,0.010009765625,0.7804878048780488,1.0,1.0,0.8085259757936001,True,"{'tile_m': '8', 'tile_n': '64', 'tile_k': '2'}"
16.0,64.0,2.0,128.0,512.0,4096.0,4736.0,0.14453125,0.01806640625,0.8648648648648649,1.0,1.0,0.7424214258790016,True,"{'tile_m': '16', 'tile_n': '64', 'tile_k': '2'}"
2.0,16.0,64.0,512.0,4096.0,128.0,4736.0,0.14453125,0.01806640625,0.8648648648648649,0.0,1.0,0.8370423540472984,True,"{'tile_m': '2', 'tile_n': '16', 'tile_k': '64'}"
16.0,32.0,16.0,1024.0,2048.0,2048.0,5120.0,0.15625,0.01953125,3.2,1.0,1.0,0.8463225439190865,True,"{'tile_m': '16', 'tile_n': '32', 'tile_k': '16'}"
2.0,128.0,8.0,64.0,4096.0,1024.0,5184.0,0.158203125,0.019775390625,0.7901234567901234,0.0,1.0,0.7648919373750687,True,"{'tile_m': '2', 'tile_n': '128', 'tile_k': '8'}"
32.0,16.0,16.0,2048.0,1024.0,2048.0,5120.0,0.15625,0.01953125,3.2,1.0,1.0,0.780345905572176,True,"{'tile_m': '32', 'tile_n': '16', 'tile_k': '16'}"
32.0,16.0,1.0,128.0,64.0,2048.0,2240.0,0.068359375,0.008544921875,0.45714285714285713,1.0,1.0,0.7663721814751625,True,"{'tile_m': '32', 'tile_n': '16', 'tile_k': '1'}"
32.0,32.0,4.0,512.0,512.0,4096.0,5120.0,0.15625,0.01953125,1.6,1.0,1.0,0.7539927326142788,True,"{'tile_m': '32', 'tile_n': '32', 'tile_k': '4'}"
64.0,16.0,2.0,512.0,128.0,4096.0,4736.0,0.14453125,0.01806640625,0.8648648648648649,1.0,1.0,0.7666806988418102,True,"{'tile_m': '64', 'tile_n': '16', 'tile_k': '2'}"
32.0,32.0,1.0,128.0,128.0,4096.0,4352.0,0.1328125,0.0166015625,0.47058823529411764,1.0,1.0,0.7612118497490883,True,"{'tile_m': '32', 'tile_n': '32', 'tile_k': '1'}"
128.0,8.0,2.0,1024.0,64.0,4096.0,5184.0,0.158203125,0.019775390625,0.7901234567901234,1.0,1.0,,False,"{'tile_m': '128', 'tile_n': '8', 'tile_k': '2'}"
2.0,64.0,16.0,128.0,4096.0,512.0,4736.0,0.14453125,0.01806640625,0.8648648648648649,0.0,1.0,0.844169519841671,True,"{'tile_m': '2', 'tile_n': '64', 'tile_k': '16'}"
16.0,128.0,1.0,64.0,512.0,8192.0,8768.0,0.267578125,0.033447265625,0.46715328467153283,1.0,1.0,0.7576718963682652,True,"{'tile_m': '16', 'tile_n': '128', 'tile_k': '1'}"
32.0,64.0,1.0,128.0,256.0,8192.0,8576.0,0.26171875,0.03271484375,0.47761194029850745,1.0,1.0,0.8413187190890312,True,"{'tile_m': '32', 'tile_n': '64', 'tile_k': '1'}"
16.0,128.0,2.0,128.0,1024.0,8192.0,9344.0,0.28515625,0.03564453125,0.8767123287671232,1.0,1.0,0.7294434197247028,True,"{'tile_m': '16', 'tile_n': '128', 'tile_k': '2'}"
32.0,64.0,4.0,512.0,1024.0,8192.0,9728.0,0.296875,0.037109375,1.6842105263157894,1.0,1.0,0.7408410534262657,True,"{'tile_m': '32', 'tile_n': '64', 'tile_k': '4'}"
32.0,128.0,1.0,128.0,512.0,16384.0,17024.0,0.51953125,0.06494140625,0.48120300751879697,1.0,1.0,0.7547397390007973,True,"{'tile_m': '32', 'tile_n': '128', 'tile_k': '1'}"
128.0,16.0,2.0,1024.0,128.0,8192.0,9344.0,0.28515625,0.03564453125,0.8767123287671232,1.0,1.0,,False,"{'tile_m': '128', 'tile_n': '16', 'tile_k': '2'}"
32.0,128.0,2.0,256.0,1024.0,16384.0,17664.0,0.5390625,0.0673828125,0.927536231884058,1.0,1.0,0.7574067674577236,True,"{'tile_m': '32', 'tile_n': '128', 'tile_k': '2'}"
64.0,128.0,2.0,512.0,1024.0,32768.0,34304.0,1.046875,0.130859375,0.9552238805970149,1.0,1.0,,False,"{'tile_m': '64', 'tile_n': '128', 'tile_k': '2'}"
128.0,64.0,4.0,2048.0,1024.0,32768.0,35840.0,1.09375,0.13671875,1.8285714285714285,1.0,1.0,,False,"{'tile_m': '128', 'tile_n': '64', 'tile_k': '4'}"
64.0,64.0,4.0,1024.0,1024.0,16384.0,18432.0,0.5625,0.0703125,1.7777777777777777,1.0,1.0,,False,"{'tile_m': '64', 'tile_n': '64', 'tile_k': '4'}"
128.0,32.0,4.0,2048.0,512.0,16384.0,18944.0,0.578125,0.072265625,1.7297297297297298,1.0,1.0,,False,"{'tile_m': '128', 'tile_n': '32', 'tile_k': '4'}"
64.0,32.0,4.0,1024.0,512.0,8192.0,9728.0,0.296875,0.037109375,1.6842105263157894,1.0,1.0,,False,"{'tile_m': '64', 'tile_n': '32', 'tile_k': '4'}"
64.0,64.0,2.0,512.0,512.0,16384.0,17408.0,0.53125,0.06640625,0.9411764705882353,1.0,1.0,0.8430075384676456,True,"{'tile_m': '64', 'tile_n': '64', 'tile_k': '2'}"
128.0,128.0,1.0,512.0,512.0,65536.0,66560.0,2.03125,0.25390625,0.49230769230769234,1.0,1.0,,False,"{'tile_m': '128', 'tile_n': '128', 'tile_k': '1'}"
32.0,128.0,4.0,512.0,2048.0,16384.0,18944.0,0.578125,0.072265625,1.7297297297297298,1.0,1.0,,False,"{'tile_m': '32', 'tile_n': '128', 'tile_k': '4'}"
64.0,128.0,1.0,256.0,512.0,32768.0,33536.0,1.0234375,0.1279296875,0.48854961832061067,1.0,1.0,,False,"{'tile_m': '64', 'tile_n': '128', 'tile_k': '1'}"
128.0,16.0,4.0,2048.0,256.0,8192.0,10496.0,0.3203125,0.0400390625,1.5609756097560976,1.0,1.0,,False,"{'tile_m': '128', 'tile_n': '16', 'tile_k': '4'}"
64.0,128.0,4.0,1024.0,2048.0,32768.0,35840.0,1.09375,0.13671875,1.8285714285714285,1.0,1.0,,False,"{'tile_m': '64', 'tile_n': '128', 'tile_k': '4'}"
128.0,32.0,8.0,4096.0,1024.0,16384.0,21504.0,0.65625,0.08203125,3.0476190476190474,1.0,1.0,,False,"{'tile_m': '128', 'tile_n': '32', 'tile_k': '8'}"
16.0,128.0,4.0,256.0,2048.0,8192.0,10496.0,0.3203125,0.0400390625,1.5609756097560976,1.0,1.0,0.7729499526321888,True,"{'tile_m': '16', 'tile_n': '128', 'tile_k': '4'}"
32.0,32.0,8.0,1024.0,1024.0,4096.0,6144.0,0.1875,0.0234375,2.6666666666666665,1.0,1.0,0.7261842004954815,True,"{'tile_m': '32', 'tile_n': '32', 'tile_k': '8'}"
16.0,128.0,8.0,512.0,4096.0,8192.0,12800.0,0.390625,0.048828125,2.56,1.0,1.0,0.7385167181491852,True,"{'tile_m': '16', 'tile_n': '128', 'tile_k': '8'}"
32.0,128.0,8.0,1024.0,4096.0,16384.0,21504.0,0.65625,0.08203125,3.0476190476190474,1.0,1.0,,False,"{'tile_m': '32', 'tile_n': '128', 'tile_k': '8'}"
128.0,32.0,1.0,512.0,128.0,16384.0,17024.0,0.51953125,0.06494140625,0.48120300751879697,1.0,1.0,,False,"{'tile_m': '128', 'tile_n': '32', 'tile_k': '1'}"
32.0,16.0,8.0,1024.0,512.0,2048.0,3584.0,0.109375,0.013671875,2.2857142857142856,1.0,1.0,0.7791170030832291,True,"{'tile_m': '32', 'tile_n': '16', 'tile_k': '8'}"
128.0,128.0,4.0,2048.0,2048.0,65536.0,69632.0,2.125,0.265625,1.8823529411764706,1.0,1.0,,False,"{'tile_m': '128', 'tile_n': '128', 'tile_k': '4'}"
64.0,32.0,8.0,2048.0,1024.0,8192.0,11264.0,0.34375,0.04296875,2.909090909090909,1.0,1.0,,False,"{'tile_m': '64', 'tile_n': '32', 'tile_k': '8'}"
32.0,64.0,8.0,1024.0,2048.0,8192.0,11264.0,0.34375,0.04296875,2.909090909090909,1.0,1.0,0.7591860592365265,True,"{'tile_m': '32', 'tile_n': '64', 'tile_k': '8'}"
32.0,128.0,16.0,2048.0,8192.0,16384.0,26624.0,0.8125,0.1015625,4.923076923076923,1.0,1.0,,False,"{'tile_m': '32', 'tile_n': '128', 'tile_k': '16'}"
32.0,64.0,16.0,2048.0,4096.0,8192.0,14336.0,0.4375,0.0546875,4.571428571428571,1.0,1.0,,False,"{'tile_m': '32', 'tile_n': '64', 'tile_k': '16'}"
32.0,128.0,128.0,16384.0,65536.0,16384.0,98304.0,3.0,0.375,10.666666666666666,1.0,1.0,,False,"{'tile_m': '32', 'tile_n': '128', 'tile_k': '128'}"
32.0,128.0,32.0,4096.0,16384.0,16384.0,36864.0,1.125,0.140625,7.111111111111111,1.0,1.0,,False,"{'tile_m': '32', 'tile_n': '128', 'tile_k': '32'}"
32.0,128.0,64.0,8192.0,32768.0,16384.0,57344.0,1.75,0.21875,9.142857142857142,1.0,1.0,,False,"{'tile_m': '32', 'tile_n': '128', 'tile_k': '64'}"
16.0,128.0,16.0,1024.0,8192.0,8192.0,17408.0,0.53125,0.06640625,3.764705882352941,1.0,1.0,,False,"{'tile_m': '16', 'tile_n': '128', 'tile_k': '16'}"
128.0,16.0,8.0,4096.0,512.0,8192.0,12800.0,0.390625,0.048828125,2.56,1.0,1.0,,False,"{'tile_m': '128', 'tile_n': '16', 'tile_k': '8'}"
