tile_m,tile_n,tile_k,tile_a_bytes,tile_b_bytes,tile_c_bytes,total_tile_bytes,tile_bytes_over_l1,dual_buffered_bytes_over_l1,arithmetic_intensity,objective,valid,candidate
32.0,35.0,17.0,4352.0,4760.0,8960.0,18072.0,0.13787841796875,0.2757568359375,2.1071270473660912,1870141.0,True,"{'tile_m': '32', 'tile_n': '35', 'tile_k': '17'}"
48.0,27.0,30.0,11520.0,6480.0,10368.0,28368.0,0.2164306640625,0.432861328125,2.7411167512690353,1317206.0,True,"{'tile_m': '48', 'tile_n': '27', 'tile_k': '30'}"
16.0,28.0,32.0,4096.0,7168.0,3584.0,14848.0,0.11328125,0.2265625,1.9310344827586208,1397672.0,True,"{'tile_m': '16', 'tile_n': '28', 'tile_k': '32'}"
48.0,31.0,46.0,17664.0,11408.0,11904.0,40976.0,0.3126220703125,0.625244140625,3.340882467786021,2128054.0,True,"{'tile_m': '48', 'tile_n': '31', 'tile_k': '46'}"
48.0,36.0,39.0,14976.0,11232.0,13824.0,40032.0,0.305419921875,0.61083984375,3.366906474820144,1127272.0,True,"{'tile_m': '48', 'tile_n': '36', 'tile_k': '39'}"
40.0,24.0,45.0,14400.0,8640.0,7680.0,30720.0,0.234375,0.46875,2.8125,1203352.0,True,"{'tile_m': '40', 'tile_n': '24', 'tile_k': '45'}"
16.0,42.0,45.0,5760.0,15120.0,5376.0,26256.0,0.2003173828125,0.400634765625,2.303473491773309,1269358.0,True,"{'tile_m': '16', 'tile_n': '42', 'tile_k': '45'}"
40.0,33.0,31.0,9920.0,8184.0,10560.0,28664.0,0.21868896484375,0.4373779296875,2.8551493162154618,1379265.0,True,"{'tile_m': '40', 'tile_n': '33', 'tile_k': '31'}"
48.0,32.0,44.0,16896.0,11264.0,12288.0,40448.0,0.30859375,0.6171875,3.3417721518987342,988783.0,True,"{'tile_m': '48', 'tile_n': '32', 'tile_k': '44'}"
24.0,23.0,36.0,6912.0,6624.0,4416.0,17952.0,0.136962890625,0.27392578125,2.213903743315508,2439280.0,True,"{'tile_m': '24', 'tile_n': '23', 'tile_k': '36'}"
16.0,34.0,16.0,2048.0,4352.0,4352.0,10752.0,0.08203125,0.1640625,1.619047619047619,2195824.0,True,"{'tile_m': '16', 'tile_n': '34', 'tile_k': '16'}"
24.0,36.0,47.0,9024.0,13536.0,6912.0,29472.0,0.224853515625,0.44970703125,2.755700325732899,1168036.0,True,"{'tile_m': '24', 'tile_n': '36', 'tile_k': '47'}"
48.0,32.0,47.0,18048.0,12032.0,12288.0,42368.0,0.3232421875,0.646484375,3.40785498489426,1018614.0,True,"{'tile_m': '48', 'tile_n': '32', 'tile_k': '47'}"
48.0,32.0,52.0,19968.0,13312.0,12288.0,45568.0,0.34765625,0.6953125,3.50561797752809,1069176.0,True,"{'tile_m': '48', 'tile_n': '32', 'tile_k': '52'}"
48.0,32.0,50.0,19200.0,12800.0,12288.0,44288.0,0.337890625,0.67578125,3.468208092485549,1062483.0,True,"{'tile_m': '48', 'tile_n': '32', 'tile_k': '50'}"
48.0,32.0,51.0,19584.0,13056.0,12288.0,44928.0,0.3427734375,0.685546875,3.4871794871794872,1060377.0,True,"{'tile_m': '48', 'tile_n': '32', 'tile_k': '51'}"
48.0,32.0,45.0,17280.0,11520.0,12288.0,41088.0,0.3134765625,0.626953125,3.364485981308411,998304.0,True,"{'tile_m': '48', 'tile_n': '32', 'tile_k': '45'}"
48.0,32.0,46.0,17664.0,11776.0,12288.0,41728.0,0.318359375,0.63671875,3.3865030674846626,1010658.0,True,"{'tile_m': '48', 'tile_n': '32', 'tile_k': '46'}"
48.0,32.0,48.0,18432.0,12288.0,12288.0,43008.0,0.328125,0.65625,3.4285714285714284,1023431.0,True,"{'tile_m': '48', 'tile_n': '32', 'tile_k': '48'}"
48.0,32.0,49.0,18816.0,12544.0,12288.0,43648.0,0.3330078125,0.666015625,3.4486803519061584,1043408.0,True,"{'tile_m': '48', 'tile_n': '32', 'tile_k': '49'}"
32.0,32.0,47.0,12032.0,12032.0,8192.0,32256.0,0.24609375,0.4921875,2.984126984126984,1038791.0,True,"{'tile_m': '32', 'tile_n': '32', 'tile_k': '47'}"
32.0,32.0,45.0,11520.0,11520.0,8192.0,31232.0,0.23828125,0.4765625,2.9508196721311477,1016777.0,True,"{'tile_m': '32', 'tile_n': '32', 'tile_k': '45'}"
32.0,32.0,52.0,13312.0,13312.0,8192.0,34816.0,0.265625,0.53125,3.0588235294117645,1080405.0,True,"{'tile_m': '32', 'tile_n': '32', 'tile_k': '52'}"
32.0,32.0,51.0,13056.0,13056.0,8192.0,34304.0,0.26171875,0.5234375,3.044776119402985,1074443.0,True,"{'tile_m': '32', 'tile_n': '32', 'tile_k': '51'}"
40.0,39.0,44.0,14080.0,13728.0,12480.0,40288.0,0.307373046875,0.61474609375,3.4074662430500395,1140450.0,True,"{'tile_m': '40', 'tile_n': '39', 'tile_k': '44'}"
48.0,39.0,37.0,14208.0,11544.0,14976.0,40728.0,0.31072998046875,0.6214599609375,3.401296405421332,1174702.0,True,"{'tile_m': '48', 'tile_n': '39', 'tile_k': '37'}"
40.0,37.0,44.0,14080.0,13024.0,11840.0,38944.0,0.297119140625,0.59423828125,3.344289235825801,2152959.0,True,"{'tile_m': '40', 'tile_n': '37', 'tile_k': '44'}"
40.0,39.0,42.0,13440.0,13104.0,12480.0,39024.0,0.2977294921875,0.595458984375,3.357933579335793,1399154.0,True,"{'tile_m': '40', 'tile_n': '39', 'tile_k': '42'}"
40.0,38.0,45.0,14400.0,13680.0,12160.0,40240.0,0.3070068359375,0.614013671875,3.399602385685885,1205985.0,True,"{'tile_m': '40', 'tile_n': '38', 'tile_k': '45'}"
40.0,40.0,44.0,14080.0,14080.0,12800.0,40960.0,0.3125,0.625,3.4375,1120891.0,True,"{'tile_m': '40', 'tile_n': '40', 'tile_k': '44'}"
40.0,39.0,45.0,14400.0,14040.0,12480.0,40920.0,0.31219482421875,0.6243896484375,3.43108504398827,1149739.0,True,"{'tile_m': '40', 'tile_n': '39', 'tile_k': '45'}"
40.0,39.0,43.0,13760.0,13416.0,12480.0,39656.0,0.30255126953125,0.6051025390625,3.3830946136776276,1122259.0,True,"{'tile_m': '40', 'tile_n': '39', 'tile_k': '43'}"
40.0,38.0,44.0,14080.0,13376.0,12160.0,39616.0,0.30224609375,0.6044921875,3.3764135702746363,1194050.0,True,"{'tile_m': '40', 'tile_n': '38', 'tile_k': '44'}"
48.0,33.0,44.0,16896.0,11616.0,12672.0,41184.0,0.314208984375,0.62841796875,3.3846153846153846,948191.0,True,"{'tile_m': '48', 'tile_n': '33', 'tile_k': '44'}"
32.0,48.0,44.0,11264.0,16896.0,12288.0,40448.0,0.30859375,0.6171875,3.3417721518987342,911126.0,True,"{'tile_m': '32', 'tile_n': '48', 'tile_k': '44'}"
40.0,32.0,45.0,14400.0,11520.0,10240.0,36160.0,0.27587890625,0.5517578125,3.185840707964602,1117154.0,True,"{'tile_m': '40', 'tile_n': '32', 'tile_k': '45'}"
32.0,48.0,43.0,11008.0,16512.0,12288.0,39808.0,0.3037109375,0.607421875,3.3183279742765275,898920.0,True,"{'tile_m': '32', 'tile_n': '48', 'tile_k': '43'}"
48.0,32.0,43.0,16512.0,11008.0,12288.0,39808.0,0.3037109375,0.607421875,3.3183279742765275,976558.0,True,"{'tile_m': '48', 'tile_n': '32', 'tile_k': '43'}"
32.0,50.0,44.0,11264.0,17600.0,12800.0,41664.0,0.31787109375,0.6357421875,3.3794162826420893,908759.0,True,"{'tile_m': '32', 'tile_n': '50', 'tile_k': '44'}"
48.0,32.0,30.0,11520.0,7680.0,12288.0,31488.0,0.240234375,0.48046875,2.926829268292683,1261739.0,True,"{'tile_m': '48', 'tile_n': '32', 'tile_k': '30'}"
32.0,48.0,45.0,11520.0,17280.0,12288.0,41088.0,0.3134765625,0.626953125,3.364485981308411,917568.0,True,"{'tile_m': '32', 'tile_n': '48', 'tile_k': '45'}"
32.0,32.0,46.0,11776.0,11776.0,8192.0,31744.0,0.2421875,0.484375,2.967741935483871,1026821.0,True,"{'tile_m': '32', 'tile_n': '32', 'tile_k': '46'}"
32.0,48.0,46.0,11776.0,17664.0,12288.0,41728.0,0.318359375,0.63671875,3.3865030674846626,925854.0,True,"{'tile_m': '32', 'tile_n': '48', 'tile_k': '46'}"
48.0,32.0,32.0,12288.0,8192.0,12288.0,32768.0,0.25,0.5,3.0,1040727.0,True,"{'tile_m': '48', 'tile_n': '32', 'tile_k': '32'}"
48.0,32.0,33.0,12672.0,8448.0,12288.0,33408.0,0.2548828125,0.509765625,3.0344827586206895,1073132.0,True,"{'tile_m': '48', 'tile_n': '32', 'tile_k': '33'}"
32.0,48.0,47.0,12032.0,18048.0,12288.0,42368.0,0.3232421875,0.646484375,3.40785498489426,936408.0,True,"{'tile_m': '32', 'tile_n': '48', 'tile_k': '47'}"
32.0,48.0,48.0,12288.0,18432.0,12288.0,43008.0,0.328125,0.65625,3.4285714285714284,945515.0,True,"{'tile_m': '32', 'tile_n': '48', 'tile_k': '48'}"
48.0,32.0,39.0,14976.0,9984.0,12288.0,37248.0,0.2841796875,0.568359375,3.216494845360825,1162253.0,True,"{'tile_m': '48', 'tile_n': '32', 'tile_k': '39'}"
32.0,49.0,43.0,11008.0,16856.0,12544.0,40408.0,0.30828857421875,0.6165771484375,3.337160958226094,944079.0,True,"{'tile_m': '32', 'tile_n': '49', 'tile_k': '43'}"
32.0,51.0,43.0,11008.0,17544.0,13056.0,41608.0,0.31744384765625,0.6348876953125,3.3731974620265333,946065.0,True,"{'tile_m': '32', 'tile_n': '51', 'tile_k': '43'}"
32.0,52.0,43.0,11008.0,17888.0,13312.0,42208.0,0.322021484375,0.64404296875,3.3904473085670963,928316.0,True,"{'tile_m': '32', 'tile_n': '52', 'tile_k': '43'}"
32.0,52.0,44.0,11264.0,18304.0,13312.0,42880.0,0.3271484375,0.654296875,3.4149253731343285,940549.0,True,"{'tile_m': '32', 'tile_n': '52', 'tile_k': '44'}"
32.0,50.0,46.0,11776.0,18400.0,12800.0,42976.0,0.327880859375,0.65576171875,3.425167535368578,924477.0,True,"{'tile_m': '32', 'tile_n': '50', 'tile_k': '46'}"
32.0,48.0,49.0,12544.0,18816.0,12288.0,43648.0,0.3330078125,0.666015625,3.4486803519061584,949056.0,True,"{'tile_m': '32', 'tile_n': '48', 'tile_k': '49'}"
32.0,50.0,47.0,12032.0,18800.0,12800.0,43632.0,0.3328857421875,0.665771484375,3.447011367803447,935081.0,True,"{'tile_m': '32', 'tile_n': '50', 'tile_k': '47'}"
32.0,52.0,46.0,11776.0,19136.0,13312.0,44224.0,0.33740234375,0.6748046875,3.4616497829232995,957489.0,True,"{'tile_m': '32', 'tile_n': '52', 'tile_k': '46'}"
32.0,50.0,48.0,12288.0,19200.0,12800.0,44288.0,0.337890625,0.67578125,3.468208092485549,943231.0,True,"{'tile_m': '32', 'tile_n': '50', 'tile_k': '48'}"
32.0,50.0,49.0,12544.0,19600.0,12800.0,44944.0,0.3428955078125,0.685791015625,3.4887860448558206,946125.0,True,"{'tile_m': '32', 'tile_n': '50', 'tile_k': '49'}"
32.0,52.0,49.0,12544.0,20384.0,13312.0,46240.0,0.352783203125,0.70556640625,3.526643598615917,982422.0,True,"{'tile_m': '32', 'tile_n': '52', 'tile_k': '49'}"
32.0,50.0,43.0,11008.0,17200.0,12800.0,41008.0,0.3128662109375,0.625732421875,3.3554428404213814,898520.0,True,"{'tile_m': '32', 'tile_n': '50', 'tile_k': '43'}"
32.0,49.0,45.0,11520.0,17640.0,12544.0,41704.0,0.31817626953125,0.6363525390625,3.383848072127374,961600.0,True,"{'tile_m': '32', 'tile_n': '49', 'tile_k': '45'}"
32.0,50.0,45.0,11520.0,18000.0,12800.0,42320.0,0.3228759765625,0.645751953125,3.402646502835539,916758.0,True,"{'tile_m': '32', 'tile_n': '50', 'tile_k': '45'}"
32.0,51.0,44.0,11264.0,17952.0,13056.0,42272.0,0.322509765625,0.64501953125,3.397426192278577,959144.0,True,"{'tile_m': '32', 'tile_n': '51', 'tile_k': '44'}"
32.0,49.0,49.0,12544.0,19208.0,12544.0,44296.0,0.33795166015625,0.6759033203125,3.4690265486725664,987622.0,True,"{'tile_m': '32', 'tile_n': '49', 'tile_k': '49'}"
32.0,52.0,45.0,11520.0,18720.0,13312.0,43552.0,0.332275390625,0.66455078125,3.438648052902278,949210.0,True,"{'tile_m': '32', 'tile_n': '52', 'tile_k': '45'}"
32.0,50.0,42.0,10752.0,16800.0,12800.0,40352.0,0.307861328125,0.61572265625,3.330689928628073,1113720.0,True,"{'tile_m': '32', 'tile_n': '50', 'tile_k': '42'}"
32.0,52.0,47.0,12032.0,19552.0,13312.0,44896.0,0.342529296875,0.68505859375,3.4839629365645046,969628.0,True,"{'tile_m': '32', 'tile_n': '52', 'tile_k': '47'}"
32.0,50.0,50.0,12800.0,20000.0,12800.0,45600.0,0.347900390625,0.69580078125,3.508771929824561,957601.0,True,"{'tile_m': '32', 'tile_n': '50', 'tile_k': '50'}"
32.0,51.0,49.0,12544.0,19992.0,13056.0,45592.0,0.34783935546875,0.6956787109375,3.5079838568169857,1003459.0,True,"{'tile_m': '32', 'tile_n': '51', 'tile_k': '49'}"
32.0,50.0,51.0,13056.0,20400.0,12800.0,46256.0,0.3529052734375,0.705810546875,3.528190937391906,965029.0,True,"{'tile_m': '32', 'tile_n': '50', 'tile_k': '51'}"
32.0,50.0,52.0,13312.0,20800.0,12800.0,46912.0,0.35791015625,0.7158203125,3.5470668485675305,976307.0,True,"{'tile_m': '32', 'tile_n': '50', 'tile_k': '52'}"
48.0,50.0,43.0,16512.0,17200.0,19200.0,52912.0,0.4036865234375,0.807373046875,3.900816449954642,894992.0,True,"{'tile_m': '48', 'tile_n': '50', 'tile_k': '43'}"
48.0,48.0,44.0,16896.0,16896.0,18432.0,52224.0,0.3984375,0.796875,3.8823529411764706,905953.0,True,"{'tile_m': '48', 'tile_n': '48', 'tile_k': '44'}"
48.0,49.0,44.0,16896.0,17248.0,18816.0,52960.0,0.404052734375,0.80810546875,3.908157099697885,955693.0,True,"{'tile_m': '48', 'tile_n': '49', 'tile_k': '44'}"
48.0,49.0,43.0,16512.0,16856.0,18816.0,52184.0,0.39813232421875,0.7962646484375,3.8761306147478156,947235.0,True,"{'tile_m': '48', 'tile_n': '49', 'tile_k': '43'}"
48.0,50.0,44.0,16896.0,17600.0,19200.0,53696.0,0.40966796875,0.8193359375,3.933253873659118,905973.0,True,"{'tile_m': '48', 'tile_n': '50', 'tile_k': '44'}"
40.0,50.0,43.0,13760.0,17200.0,16000.0,46960.0,0.3582763671875,0.716552734375,3.6626916524701874,995161.0,True,"{'tile_m': '40', 'tile_n': '50', 'tile_k': '43'}"
48.0,48.0,43.0,16512.0,16512.0,18432.0,51456.0,0.392578125,0.78515625,3.8507462686567164,894322.0,True,"{'tile_m': '48', 'tile_n': '48', 'tile_k': '43'}"
48.0,51.0,43.0,16512.0,17544.0,19584.0,53640.0,0.40924072265625,0.8184814453125,3.9248322147651007,947832.0,True,"{'tile_m': '48', 'tile_n': '51', 'tile_k': '43'}"
32.0,49.0,44.0,11264.0,17248.0,12544.0,41056.0,0.313232421875,0.62646484375,3.3608729540140296,950692.0,True,"{'tile_m': '32', 'tile_n': '49', 'tile_k': '44'}"
40.0,49.0,43.0,13760.0,16856.0,15680.0,46296.0,0.35321044921875,0.7064208984375,3.640919301883532,1052509.0,True,"{'tile_m': '40', 'tile_n': '49', 'tile_k': '43'}"
40.0,50.0,44.0,14080.0,17600.0,16000.0,47680.0,0.36376953125,0.7275390625,3.6912751677852347,1008495.0,True,"{'tile_m': '40', 'tile_n': '50', 'tile_k': '44'}"
48.0,52.0,43.0,16512.0,17888.0,19968.0,54368.0,0.414794921875,0.82958984375,3.948204826368452,928433.0,True,"{'tile_m': '48', 'tile_n': '52', 'tile_k': '43'}"
48.0,48.0,45.0,17280.0,17280.0,18432.0,52992.0,0.404296875,0.80859375,3.9130434782608696,914035.0,True,"{'tile_m': '48', 'tile_n': '48', 'tile_k': '45'}"
48.0,50.0,45.0,17280.0,18000.0,19200.0,54480.0,0.4156494140625,0.831298828125,3.9647577092511015,915347.0,True,"{'tile_m': '48', 'tile_n': '50', 'tile_k': '45'}"
48.0,52.0,44.0,16896.0,18304.0,19968.0,55168.0,0.4208984375,0.841796875,3.9814385150812064,942147.0,True,"{'tile_m': '48', 'tile_n': '52', 'tile_k': '44'}"
48.0,52.0,45.0,17280.0,18720.0,19968.0,55968.0,0.427001953125,0.85400390625,4.013722126929674,952307.0,True,"{'tile_m': '48', 'tile_n': '52', 'tile_k': '45'}"
48.0,48.0,46.0,17664.0,17664.0,18432.0,53760.0,0.41015625,0.8203125,3.942857142857143,922417.0,True,"{'tile_m': '48', 'tile_n': '48', 'tile_k': '46'}"
48.0,50.0,47.0,18048.0,18800.0,19200.0,56048.0,0.4276123046875,0.855224609375,4.025121324578932,937337.0,True,"{'tile_m': '48', 'tile_n': '50', 'tile_k': '47'}"
48.0,50.0,46.0,17664.0,18400.0,19200.0,55264.0,0.421630859375,0.84326171875,3.9953676896352057,924347.0,True,"{'tile_m': '48', 'tile_n': '50', 'tile_k': '46'}"
48.0,48.0,49.0,18816.0,18816.0,18432.0,56064.0,0.427734375,0.85546875,4.027397260273973,952764.0,True,"{'tile_m': '48', 'tile_n': '48', 'tile_k': '49'}"
48.0,48.0,50.0,19200.0,19200.0,18432.0,56832.0,0.43359375,0.8671875,4.054054054054054,964755.0,True,"{'tile_m': '48', 'tile_n': '48', 'tile_k': '50'}"
48.0,50.0,48.0,18432.0,19200.0,19200.0,56832.0,0.43359375,0.8671875,4.054054054054054,945392.0,True,"{'tile_m': '48', 'tile_n': '50', 'tile_k': '48'}"
48.0,44.0,49.0,18816.0,17248.0,16896.0,52960.0,0.404052734375,0.80810546875,3.908157099697885,910391.0,True,"{'tile_m': '48', 'tile_n': '44', 'tile_k': '49'}"
48.0,45.0,52.0,19968.0,18720.0,17280.0,55968.0,0.427001953125,0.85400390625,4.013722126929674,930736.0,True,"{'tile_m': '48', 'tile_n': '45', 'tile_k': '52'}"
48.0,47.0,50.0,19200.0,18800.0,18048.0,56048.0,0.4276123046875,0.855224609375,4.025121324578932,2002456.0,True,"{'tile_m': '48', 'tile_n': '47', 'tile_k': '50'}"
48.0,48.0,48.0,18432.0,18432.0,18432.0,55296.0,0.421875,0.84375,4.0,944944.0,True,"{'tile_m': '48', 'tile_n': '48', 'tile_k': '48'}"
48.0,48.0,47.0,18048.0,18048.0,18432.0,54528.0,0.416015625,0.83203125,3.971830985915493,935933.0,True,"{'tile_m': '48', 'tile_n': '48', 'tile_k': '47'}"
48.0,49.0,47.0,18048.0,18424.0,18816.0,55288.0,0.42181396484375,0.8436279296875,3.998842425119375,982365.0,True,"{'tile_m': '48', 'tile_n': '49', 'tile_k': '47'}"
48.0,46.0,49.0,18816.0,18032.0,17664.0,54512.0,0.4158935546875,0.831787109375,3.969474611094805,1025776.0,True,"{'tile_m': '48', 'tile_n': '46', 'tile_k': '49'}"
48.0,44.0,48.0,18432.0,16896.0,16896.0,52224.0,0.3984375,0.796875,3.8823529411764706,902596.0,True,"{'tile_m': '48', 'tile_n': '44', 'tile_k': '48'}"
48.0,45.0,48.0,18432.0,17280.0,17280.0,52992.0,0.404296875,0.80859375,3.9130434782608696,896206.0,True,"{'tile_m': '48', 'tile_n': '45', 'tile_k': '48'}"
48.0,46.0,48.0,18432.0,17664.0,17664.0,53760.0,0.41015625,0.8203125,3.942857142857143,1014309.0,True,"{'tile_m': '48', 'tile_n': '46', 'tile_k': '48'}"
48.0,45.0,47.0,18048.0,16920.0,17280.0,52248.0,0.39862060546875,0.7972412109375,3.8860817638952687,888742.0,True,"{'tile_m': '48', 'tile_n': '45', 'tile_k': '47'}"
48.0,43.0,48.0,18432.0,16512.0,16512.0,51456.0,0.392578125,0.78515625,3.8507462686567164,1814549.0,True,"{'tile_m': '48', 'tile_n': '43', 'tile_k': '48'}"
48.0,46.0,47.0,18048.0,17296.0,17664.0,53008.0,0.4044189453125,0.808837890625,3.915484455176577,1003673.0,True,"{'tile_m': '48', 'tile_n': '46', 'tile_k': '47'}"
48.0,50.0,49.0,18816.0,19600.0,19200.0,57616.0,0.4395751953125,0.879150390625,4.082199389058595,953997.0,True,"{'tile_m': '48', 'tile_n': '50', 'tile_k': '49'}"
48.0,44.0,47.0,18048.0,16544.0,16896.0,51488.0,0.392822265625,0.78564453125,3.855811062771908,894516.0,True,"{'tile_m': '48', 'tile_n': '44', 'tile_k': '47'}"
48.0,48.0,31.0,11904.0,11904.0,18432.0,42240.0,0.322265625,0.64453125,3.381818181818182,1214589.0,True,"{'tile_m': '48', 'tile_n': '48', 'tile_k': '31'}"
48.0,48.0,32.0,12288.0,12288.0,18432.0,43008.0,0.328125,0.65625,3.4285714285714284,1015362.0,True,"{'tile_m': '48', 'tile_n': '48', 'tile_k': '32'}"
48.0,50.0,30.0,11520.0,12000.0,19200.0,42720.0,0.325927734375,0.65185546875,3.3707865168539324,1242894.0,True,"{'tile_m': '48', 'tile_n': '50', 'tile_k': '30'}"
48.0,50.0,31.0,11904.0,12400.0,19200.0,43504.0,0.3319091796875,0.663818359375,3.4203751379183522,1244585.0,True,"{'tile_m': '48', 'tile_n': '50', 'tile_k': '31'}"
48.0,48.0,33.0,12672.0,12672.0,18432.0,43776.0,0.333984375,0.66796875,3.473684210526316,1013604.0,True,"{'tile_m': '48', 'tile_n': '48', 'tile_k': '33'}"
48.0,51.0,44.0,16896.0,17952.0,19584.0,54432.0,0.415283203125,0.83056640625,3.9576719576719577,964452.0,True,"{'tile_m': '48', 'tile_n': '51', 'tile_k': '44'}"
48.0,50.0,32.0,12288.0,12800.0,19200.0,44288.0,0.337890625,0.67578125,3.468208092485549,1036170.0,True,"{'tile_m': '48', 'tile_n': '50', 'tile_k': '32'}"
48.0,52.0,47.0,18048.0,19552.0,19968.0,57568.0,0.439208984375,0.87841796875,4.075597554196776,976171.0,True,"{'tile_m': '48', 'tile_n': '52', 'tile_k': '47'}"
48.0,45.0,43.0,16512.0,15480.0,17280.0,49272.0,0.37591552734375,0.7518310546875,3.7700925474914757,849460.0,True,"{'tile_m': '48', 'tile_n': '45', 'tile_k': '43'}"
48.0,48.0,34.0,13056.0,13056.0,18432.0,44544.0,0.33984375,0.6796875,3.5172413793103448,1014016.0,True,"{'tile_m': '48', 'tile_n': '48', 'tile_k': '34'}"
32.0,49.0,46.0,11776.0,18032.0,12544.0,42352.0,0.3231201171875,0.646240234375,3.406120136003022,968184.0,True,"{'tile_m': '32', 'tile_n': '49', 'tile_k': '46'}"
48.0,48.0,39.0,14976.0,14976.0,18432.0,48384.0,0.369140625,0.73828125,3.7142857142857144,1072464.0,True,"{'tile_m': '48', 'tile_n': '48', 'tile_k': '39'}"
